,coxloss,cindex,uno_cindex
val,0.16920119524002075,0.7025316455696202,0.6263490330612846
test,0.21612277626991272,0.5119047619047619,0.5302704997902287
