,coxloss,cindex,uno_cindex
val,0.24386118352413177,0.5590551181102362,0.5650155052768647
test,0.5299627780914307,0.49161073825503354,0.5326810382334116
