,coxloss,cindex,uno_cindex
val,0.23948538303375244,0.5,0.49823812247337523
test,0.3012872040271759,0.4584450402144772,0.4838036542733624
