,coxloss,cindex,uno_cindex
val,0.15766936540603638,0.6881720430107527,0.6589041630829475
test,0.20352517068386078,0.5396825396825397,0.5702592361314747
