,coxloss,cindex,uno_cindex
val,0.24548311531543732,0.7756563245823389,0.7886784442060455
test,0.17501552402973175,0.6075949367088608,0.6647314020344921
