,coxloss,cindex,uno_cindex
val,0.1944420337677002,0.8028846153846154,0.7902764875093985
test,0.5738715529441833,0.607565011820331,0.6394943171511293
