,coxloss,cindex,uno_cindex
val,0.28407934308052063,0.6702412868632708,0.6777470971945567
test,0.1902589648962021,0.7435897435897436,0.7346750332357309
