,coxloss,cindex,uno_cindex
val,0.17833518981933594,0.8013029315960912,0.7935589632457484
test,1.2581433057785034,0.6271585557299842,0.5584362641989868
