,coxloss,cindex,uno_cindex
val,0.6459276080131531,0.5342789598108747,0.5688238865338409
test,0.26686379313468933,0.7136038186157518,0.7160354395860878
