,coxloss,cindex,uno_cindex
val,0.1977730542421341,0.6811594202898551,0.7258545819110731
test,0.2014395147562027,0.7068403908794788,0.7113818054125899
