,coxloss,cindex,uno_cindex
val,0.24702928960323334,0.6062992125984252,0.5923713976863867
test,0.4924984276294708,0.6577181208053692,0.5707911316139025
