,coxloss,cindex,uno_cindex
val,0.17003664374351501,0.6344086021505376,0.5921164320061572
test,0.20328885316848755,0.5238095238095238,0.5017191376076193
