,coxloss,cindex,uno_cindex
val,0.6550530791282654,0.524822695035461,0.5407579079010183
test,0.2640570104122162,0.7732696897374701,0.7792942144575375
