,coxloss,cindex,uno_cindex
val,0.19489610195159912,0.8413461538461539,0.8146380156920133
test,0.5888288617134094,0.5271867612293144,0.5878573255723503
