,coxloss,cindex,uno_cindex
val,0.18546456098556519,0.762214983713355,0.7452460518184643
test,1.2013769149780273,0.6628728414442701,0.615757619424708
