,coxloss,cindex,uno_cindex
val,0.23236046731472015,0.569672131147541,0.5581816865540172
test,0.2810218334197998,0.6327077747989276,0.638738238031202
