,coxloss,cindex,uno_cindex
val,0.16331247985363007,0.7531645569620253,0.7027187605549529
test,0.2269037961959839,0.4880952380952381,0.5033310741550155
