,coxloss,cindex,uno_cindex
val,0.24518628418445587,0.7804295942720764,0.7818089684290065
test,0.17071305215358734,0.6265822784810127,0.6243817906377582
