,coxloss,cindex,uno_cindex
val,0.26922371983528137,0.710455764075067,0.6980037716022248
test,0.1932198405265808,0.7128205128205128,0.7142438801505665
