,coxloss,cindex,uno_cindex
val,0.1936952769756317,0.7053140096618358,0.7478592644301006
test,0.20468437671661377,0.749185667752443,0.7489198034626815
