,coxloss,cindex,uno_cindex
val,0.2415306270122528,0.7494033412887828,0.7589958780014746
test,0.15346986055374146,0.8164556962025317,0.7333864493476742
