,coxloss,cindex,uno_cindex
val,0.21853454411029816,0.6516393442622951,0.654035694669407
test,0.26728835701942444,0.7292225201072386,0.7187458097389218
