,coxloss,cindex,uno_cindex
val,0.21834851801395416,0.8284182305630027,0.8211085850291517
test,0.1899142563343048,0.7589743589743589,0.7325122337747174
