,coxloss,cindex,uno_cindex
val,0.20154424011707306,0.3010752688172043,0.3385053006455644
test,0.21820726990699768,0.5952380952380952,0.5182578542348155
