,coxloss,cindex,uno_cindex
val,0.16409584879875183,0.7341772151898734,0.6132515067178751
test,0.23108449578285217,0.42857142857142855,0.4537912980034928
