,coxloss,cindex,uno_cindex
val,0.22876164317131042,0.65748031496063,0.6080248289911574
test,0.4489961862564087,0.7449664429530202,0.6865140119318041
