,coxloss,cindex,uno_cindex
val,0.16747425496578217,0.8990384615384616,0.8853680085694788
test,0.5140182971954346,0.6985815602836879,0.7168537297216252
