,coxloss,cindex,uno_cindex
val,0.18488900363445282,0.8357487922705314,0.835655706969003
test,0.17961335182189941,0.6872964169381107,0.685028849347014
