,coxloss,cindex,uno_cindex
val,0.15486298501491547,0.8013029315960912,0.7929917558796183
test,1.3500497341156006,0.6118524332810047,0.5670480562153722
