,coxloss,cindex,uno_cindex
val,0.518502950668335,0.735224586288416,0.7579440947420989
test,0.27217820286750793,0.6992840095465394,0.7141926986996749
