,coxloss,cindex,uno_cindex
val,0.15795080363750458,0.6505376344086021,0.6694697259606615
test,0.1929488480091095,0.6190476190476191,0.5994560563772701
