,coxloss,cindex,uno_cindex
val,0.16539366543293,0.6329113924050633,0.6349495162648929
test,0.2242327332496643,0.47619047619047616,0.49193800761948486
