,coxloss,cindex,uno_cindex
val,0.24134132266044617,0.6141732283464567,0.5854550983009194
test,0.5180049538612366,0.5419463087248322,0.630370650440791
