,coxloss,cindex,uno_cindex
val,0.1936512440443039,0.7342995169082126,0.7575207178469473
test,0.19512030482292175,0.7654723127035831,0.766304456517602
