,coxloss,cindex,uno_cindex
val,0.28484755754470825,0.6327077747989276,0.6235287598641334
test,0.1882801502943039,0.7743589743589744,0.762268904392166
