,coxloss,cindex,uno_cindex
val,0.28564730286598206,0.5053619302949062,0.5179302588129516
test,0.19957655668258667,0.6256410256410256,0.6278111209811411
