,coxloss,cindex,uno_cindex
val,0.2679559886455536,0.8042959427207638,0.8165520270709797
test,0.16189856827259064,0.7025316455696202,0.7511063623309541
