,coxloss,cindex,uno_cindex
val,0.16756752133369446,0.6505376344086021,0.6267825153060239
test,0.19085407257080078,0.48412698412698413,0.5418764035905395
