,coxloss,cindex,uno_cindex
val,0.20981234312057495,0.625,0.6235524860524652
test,0.5858946442604065,0.5230496453900709,0.5336947823844258
