,coxloss,cindex,uno_cindex
val,0.21763330698013306,0.781496062992126,0.7736650859458218
test,0.4860801696777344,0.6342281879194631,0.43063384971450885
