,coxloss,cindex,uno_cindex
val,0.19493801891803741,0.7004830917874396,0.7278398683526791
test,0.20186498761177063,0.7296416938110749,0.7311444481494674
