,coxloss,cindex,uno_cindex
val,0.15348728001117706,0.7956989247311828,0.7685442563527367
test,0.1971368044614792,0.5634920634920635,0.5175575071631269
