,coxloss,cindex,uno_cindex
val,0.22206366062164307,0.5286885245901639,0.5261718678241657
test,0.2803802192211151,0.6300268096514745,0.6255688964722914
