,coxloss,cindex,uno_cindex
val,0.22048713266849518,0.6416938110749185,0.624142932502587
test,1.3927618265151978,0.5317896389324961,0.5663560004956193
