,coxloss,cindex,uno_cindex
val,0.2471606582403183,0.8114558472553699,0.8206365971841624
test,0.17946594953536987,0.5569620253164557,0.541981060186481
