,coxloss,cindex,uno_cindex
val,0.17761793732643127,0.6518987341772152,0.5735487855075511
test,0.22185994684696198,0.4880952380952381,0.5159194774442711
