,coxloss,cindex,uno_cindex
val,0.27314212918281555,0.6380697050938338,0.6308956425806251
test,0.19447088241577148,0.7743589743589744,0.7550475514793213
