,coxloss,cindex,uno_cindex
val,0.18765267729759216,0.8461538461538461,0.8279358358902962
test,0.5537431240081787,0.6784869976359338,0.7125037710298094
