,coxloss,cindex,uno_cindex
val,0.25343000888824463,0.44881889763779526,0.4634552411066324
test,0.5165833830833435,0.4513422818791946,0.5652706196273535
