,coxloss,cindex,uno_cindex
val,0.5872653722763062,0.6631205673758865,0.6467829469811794
test,0.25725996494293213,0.7279236276849642,0.7312921360680373
