,coxloss,cindex,uno_cindex
val,0.21464979648590088,0.8371335504885994,0.8448567848496685
test,2.929431438446045,0.7358712715855573,0.6747482875000003
