,coxloss,cindex,uno_cindex
val,0.6635591983795166,0.5441527446300716,0.5324252114910911
test,0.3442286550998688,0.7215189873417721,0.6574147972945721
