,coxloss,cindex,uno_cindex
val,0.558501124382019,0.5201072386058981,0.5100172674331457
test,0.377983033657074,0.764102564102564,0.7562491583041479
