,coxloss,cindex,uno_cindex
val,0.2217482328414917,0.782608695652174,0.8085559202376403
test,0.27688369154930115,0.7654723127035831,0.7534882953068354
