,coxloss,cindex,uno_cindex
val,0.22627002000808716,0.8417721518987342,0.79994138752409
test,0.6657894849777222,0.503968253968254,0.49115247151613145
