,coxloss,cindex,uno_cindex
val,0.24435864388942719,0.8846153846153846,0.8916981901811631
test,0.8694830536842346,0.7434988179669031,0.7013047233523829
