,coxloss,cindex,uno_cindex
val,0.3061649799346924,0.5327868852459017,0.5273561050911902
test,0.571456253528595,0.5951742627345844,0.608433582255308
