,coxloss,cindex,uno_cindex
val,0.8556019067764282,0.6702127659574468,0.6540666288161814
test,0.8018344640731812,0.5894988066825776,0.5788797636527313
