,coxloss,cindex,uno_cindex
val,0.24365851283073425,0.8440860215053764,0.7699017473822158
test,0.25844699144363403,0.5873015873015873,0.6071790747134075
