,coxloss,cindex,uno_cindex
val,0.3816872537136078,0.7322834645669292,0.7062695351073636
test,0.9322879314422607,0.6493288590604027,0.6319122279370886
