,coxloss,cindex,uno_cindex
val,0.5719422101974487,0.5839243498817966,0.6120017445452468
test,0.26504796743392944,0.8138424821002387,0.8389989417852057
