,coxloss,cindex,uno_cindex
val,0.19667156040668488,0.7788461538461539,0.772410102123478
test,0.5832092761993408,0.5780141843971631,0.5954314552946425
