,coxloss,cindex,uno_cindex
val,0.2350548505783081,0.6535433070866141,0.6086941350201666
test,0.48724326491355896,0.674496644295302,0.6582026916735028
