,coxloss,cindex,uno_cindex
val,0.17745617032051086,0.6708860759493671,0.6181583532598076
test,0.21771414577960968,0.5595238095238095,0.5693721278465862
