,coxloss,cindex,uno_cindex
val,0.17668889462947845,0.7882736156351792,0.7747253651065464
test,1.1715137958526611,0.6679748822605965,0.6114490311785807
