,coxloss,cindex,uno_cindex
val,0.20957158505916595,0.6024590163934426,0.598125648356692
test,0.2884395122528076,0.5817694369973191,0.5946912604000456
