,coxloss,cindex,uno_cindex
val,0.27669355273246765,0.6246648793565683,0.6194612155746881
test,0.19390110671520233,0.717948717948718,0.6973261441529535
