,coxloss,cindex,uno_cindex
val,0.24728620052337646,0.747016706443914,0.7542560750729023
test,0.18368786573410034,0.569620253164557,0.5378242612190934
