,coxloss,cindex,uno_cindex
val,0.19603607058525085,0.6811594202898551,0.7316436861900898
test,0.20489685237407684,0.6938110749185668,0.6898495367404744
