,coxloss,cindex,uno_cindex
val,0.16908304393291473,0.5752688172043011,0.6143514237570908
test,0.19393190741539001,0.5,0.5538647905391528
