,coxloss,cindex,uno_cindex
val,0.19569939374923706,0.8811475409836066,0.8749159068570966
test,0.28705471754074097,0.4973190348525469,0.5169060202134577
