,coxloss,cindex,uno_cindex
val,0.19851183891296387,0.9087947882736156,0.9077240741769275
test,1.1393777132034302,0.6071428571428571,0.5538170593278412
