,coxloss,cindex,uno_cindex
val,0.16142664849758148,0.7215189873417721,0.7289063230468662
test,0.21127311885356903,0.753968253968254,0.73626774084029
