,coxloss,cindex,uno_cindex
val,0.21624313294887543,0.6763285024154589,0.7034474217351075
test,0.2061467468738556,0.7133550488599348,0.7304114165759436
