,coxloss,cindex,uno_cindex
val,0.5848230719566345,0.5242316784869976,0.5294810336140552
test,0.26711735129356384,0.7231503579952268,0.7559970210352459
