,coxloss,cindex,uno_cindex
val,0.5018118023872375,0.7565011820330969,0.7918003533265663
test,0.2613896429538727,0.7350835322195705,0.7502775434060944
