,coxloss,cindex,uno_cindex
val,0.16483618319034576,0.758957654723127,0.7542109763816855
test,1.3343560695648193,0.6177394034536892,0.5812507899871656
