,coxloss,cindex,uno_cindex
val,0.24303361773490906,0.7804295942720764,0.7808897246374882
test,0.16036804020404816,0.759493670886076,0.6373772569820206
