,coxloss,cindex,uno_cindex
val,0.21632114052772522,0.7244094488188977,0.6796058309518045
test,0.4732156991958618,0.6325503355704698,0.6295634419608549
