,coxloss,cindex,uno_cindex
val,0.17613551020622253,0.8164251207729468,0.8239379569933167
test,0.18348543345928192,0.6123778501628665,0.611109567806614
