,coxloss,cindex,uno_cindex
val,0.2095375955104828,0.7090163934426229,0.7094335896780535
test,0.2604809105396271,0.7184986595174263,0.7099097574692779
