,coxloss,cindex,uno_cindex
val,0.23579362034797668,0.7882037533512064,0.786996081298058
test,0.17944519221782684,0.8102564102564103,0.7886531567073439
