,coxloss,cindex,uno_cindex
val,0.175479456782341,0.8701923076923077,0.8538586905424125
test,0.544310986995697,0.693853427895981,0.7206127089256267
