,coxloss,cindex,uno_cindex
val,0.19706270098686218,0.3763440860215054,0.4051156858251923
test,0.19449076056480408,0.6666666666666666,0.6133682091750595
