,coxloss,cindex,uno_cindex
val,0.15681001543998718,0.7658227848101266,0.6577142797144342
test,0.2403990775346756,0.44841269841269843,0.4788277491619435
