,coxloss,cindex,uno_cindex
val,0.1814441680908203,0.7874396135265701,0.7974634333565525
test,0.16632291674613953,0.742671009771987,0.7405846253746406
