,coxloss,cindex,uno_cindex
val,0.1602681428194046,0.7784810126582279,0.667291661962852
test,0.22660480439662933,0.5793650793650794,0.5868976281944123
