,coxloss,cindex,uno_cindex
val,0.2444096952676773,0.7159904534606205,0.714030768934498
test,0.16399239003658295,0.7151898734177216,0.5707726810636375
