,coxloss,cindex,uno_cindex
val,0.4993990659713745,0.7434988179669031,0.7608872949781017
test,0.24806684255599976,0.7183770883054893,0.7225833469470294
