,coxloss,cindex,uno_cindex
val,0.24327509105205536,0.7774798927613941,0.7703730780944155
test,0.17584297060966492,0.8256410256410256,0.7983637808025255
