,coxloss,cindex,uno_cindex
val,0.18035770952701569,0.8509615384615384,0.8378553235933569
test,0.5296739339828491,0.6950354609929078,0.7098477110053665
