,coxloss,cindex,uno_cindex
val,0.2326311320066452,0.7362204724409449,0.675241806006472
test,0.4584491550922394,0.6996644295302014,0.7067577382657988
