,coxloss,cindex,uno_cindex
val,0.19195187091827393,0.7786885245901639,0.7720496548043669
test,0.26537004113197327,0.6809651474530831,0.6765065794051413
