,coxloss,cindex,uno_cindex
val,0.18535523116588593,0.6236559139784946,0.5707435919182955
test,0.19616103172302246,0.6190476190476191,0.5937606515516242
