,coxloss,cindex,uno_cindex
val,0.16639681160449982,0.7003257328990228,0.6920059337704967
test,1.3834120035171509,0.6291208791208791,0.5926249622630109
