,coxloss,cindex,uno_cindex
val,0.25250476598739624,0.7613941018766756,0.7580318851173153
test,0.16988183557987213,0.8923076923076924,0.8697578755682168
