,coxloss,cindex,uno_cindex
val,0.21180284023284912,0.7322834645669292,0.6832112806782935
test,0.45319148898124695,0.7701342281879194,0.6191576470359135
