,coxloss,cindex,uno_cindex
val,0.19691383838653564,0.6352459016393442,0.6399842598416482
test,0.2522136867046356,0.7426273458445041,0.738711326983066
