,coxloss,cindex,uno_cindex
val,0.17028352618217468,0.6451612903225806,0.5872441067298175
test,0.1790204793214798,0.6825396825396826,0.6937696645911217
