,coxloss,cindex,uno_cindex
val,0.17730696499347687,0.9227053140096618,0.9077219735475006
test,0.1816287338733673,0.755700325732899,0.7546452038724475
