,coxloss,cindex,uno_cindex
val,0.17293547093868256,0.8798076923076923,0.8666581127448297
test,0.5151209831237793,0.7210401891252955,0.7207638956396306
