,coxloss,cindex,uno_cindex
val,0.1976611316204071,0.3387096774193548,0.39738122731874526
test,0.19388042390346527,0.5952380952380952,0.5619096949641478
