,coxloss,cindex,uno_cindex
val,0.16887034475803375,0.8894230769230769,0.8811680560590335
test,0.5251430869102478,0.6832151300236406,0.7120138236780371
