,coxloss,cindex,uno_cindex
val,0.5128553509712219,0.7163120567375887,0.7432789575848175
test,0.2812882363796234,0.6992840095465394,0.7099832035120334
