,coxloss,cindex,uno_cindex
val,0.18154653906822205,0.7068403908794788,0.702468141812509
test,1.275197148323059,0.6703296703296703,0.6396744305456058
