,coxloss,cindex,uno_cindex
val,0.24304084479808807,0.7292225201072386,0.7411773523156254
test,0.1715133935213089,0.8564102564102564,0.8227500948726135
