,coxloss,cindex,uno_cindex
val,0.16633501648902893,0.7278481012658228,0.6103717702022634
test,0.2326495349407196,0.49206349206349204,0.5135627291815898
