,coxloss,cindex,uno_cindex
val,0.22379916906356812,0.7165354330708661,0.6696040677523446
test,0.49158239364624023,0.587248322147651,0.6522559976576614
