,coxloss,cindex,uno_cindex
val,0.19387783110141754,0.7729468599033816,0.7699434752073019
test,0.17934010922908783,0.6612377850162866,0.661493562453332
