,coxloss,cindex,uno_cindex
val,0.1975257396697998,0.7418032786885246,0.7428151270341361
test,0.2547869086265564,0.7372654155495979,0.735940658492209
