,coxloss,cindex,uno_cindex
val,0.23806807398796082,0.7780429594272077,0.7788015642917496
test,0.16821245849132538,0.7025316455696202,0.5575084042804874
