,coxloss,cindex,uno_cindex
val,0.28096726536750793,0.579088471849866,0.6047857882670538
test,0.1863800585269928,0.7743589743589744,0.7532034424035627
