,coxloss,cindex,uno_cindex
val,0.24409884214401245,0.8448687350835322,0.8479367661854842
test,0.16370365023612976,0.6962025316455697,0.6567531627071965
