,coxloss,cindex,uno_cindex
val,0.15223504602909088,0.7634408602150538,0.7485764131187018
test,0.19822953641414642,0.5555555555555556,0.5455908397441266
