,coxloss,cindex,uno_cindex
val,0.17802178859710693,0.762214983713355,0.7573824092722965
test,1.1527748107910156,0.6934850863422292,0.6235190935982194
