,coxloss,cindex,uno_cindex
val,0.6096186637878418,0.5650118203309693,0.6142043839466806
test,0.25468015670776367,0.7684964200477327,0.7695907875792951
