,coxloss,cindex,uno_cindex
val,0.20782865583896637,0.75,0.7320717677205367
test,0.27422869205474854,0.6112600536193029,0.6260938265384993
