,coxloss,cindex,uno_cindex
val,0.1926177591085434,0.8269230769230769,0.8141094975363188
test,0.5757482051849365,0.5602836879432624,0.6114181428354186
