,coxloss,cindex,uno_cindex
val,0.22075526416301727,0.5905511811023622,0.5886032357022535
test,0.4940550625324249,0.5184563758389261,0.585983857191986
