,coxloss,cindex,uno_cindex
val,0.16536536812782288,0.7025316455696202,0.6190324384511583
test,0.21345210075378418,0.6190476190476191,0.6291126494256492
