,coxloss,cindex,uno_cindex
val,0.19622471928596497,0.7391304347826086,0.7627004020463137
test,0.19717660546302795,0.7166123778501629,0.7167246160637186
