,coxloss,cindex,uno_cindex
val,0.23554620146751404,0.8257756563245824,0.8326694308388753
test,0.18056613206863403,0.5822784810126582,0.5923535411291617
