,coxloss,cindex,uno_cindex
val,0.21821120381355286,0.6885245901639344,0.6800339157732166
test,0.29422974586486816,0.5415549597855228,0.5542065780624584
