,coxloss,cindex,uno_cindex
val,0.18922491371631622,0.8173076923076923,0.8031170387742799
test,0.5975251197814941,0.5307328605200946,0.5861850912256198
