,coxloss,cindex,uno_cindex
val,0.625315248966217,0.5011820330969267,0.5572572114858517
test,0.2479250580072403,0.7565632458233891,0.7529409444987754
