,coxloss,cindex,uno_cindex
val,0.18221355974674225,0.7719869706840391,0.7618711145626594
test,1.2480136156082153,0.6181318681318682,0.5520293036653348
