,coxloss,cindex,uno_cindex
val,0.2544451951980591,0.6992840095465394,0.7114033348243426
test,0.155434250831604,0.8037974683544303,0.712181191843821
