,coxloss,cindex,uno_cindex
val,0.2359371930360794,0.6141732283464567,0.5829313195219238
test,0.4887498617172241,0.6694630872483222,0.6111492611995106
