,coxloss,cindex,uno_cindex
val,0.5319951772689819,0.6773049645390071,0.704613544458285
test,0.2687169015407562,0.6754176610978521,0.6938609580842896
