,coxloss,cindex,uno_cindex
val,0.17505285143852234,0.8894230769230769,0.8783150104593909
test,0.5333908796310425,0.6832151300236406,0.7076474671422734
