,coxloss,cindex,uno_cindex
val,0.20086774230003357,0.43548387096774194,0.42545414671295767
test,0.22008046507835388,0.49206349206349204,0.5041484092758929
