,coxloss,cindex,uno_cindex
val,0.24241530895233154,0.3975409836065574,0.410025326494931
test,0.2835884094238281,0.6166219839142091,0.6250791290230774
