,coxloss,cindex,uno_cindex
val,0.24284818768501282,0.7560321715817694,0.7621886585179302
test,0.18370342254638672,0.7794871794871795,0.7606978609537244
