,coxloss,cindex,uno_cindex
val,0.1935887634754181,0.7198067632850241,0.7330600193454011
test,0.19390378892421722,0.5863192182410424,0.584915030680266
