,coxloss,cindex,uno_cindex
val,0.17083680629730225,0.7151898734177216,0.5967383207133922
test,0.24994486570358276,0.31746031746031744,0.34567147683688987
