,coxloss,cindex,uno_cindex
val,0.17939132452011108,0.7328990228013029,0.7305203305586081
test,1.3787472248077393,0.6169544740973313,0.5775299740387342
