,coxloss,cindex,uno_cindex
val,0.15949729084968567,0.7150537634408602,0.6994184273315011
test,0.2037188857793808,0.5634920634920635,0.5248569670059462
