,coxloss,cindex,uno_cindex
val,0.1803254783153534,0.8110749185667753,0.8013447463321364
test,1.2857935428619385,0.597331240188383,0.5234817177097292
