,coxloss,cindex,uno_cindex
val,0.18235744535923004,0.8125,0.8155295232059587
test,0.6080597639083862,0.5543735224586288,0.5878048426108744
