,coxloss,cindex,uno_cindex
val,0.17206335067749023,0.6835443037974683,0.6012698447915386
test,0.21856747567653656,0.5476190476190477,0.5529775710434754
