,coxloss,cindex,uno_cindex
val,0.5860563516616821,0.5886524822695035,0.6349597407717251
test,0.24735960364341736,0.6992840095465394,0.6899543504858818
