,coxloss,cindex,uno_cindex
val,0.24436484277248383,0.5748031496062992,0.5523987015691775
test,0.5244041085243225,0.5201342281879194,0.6418084509420212
