,coxloss,cindex,uno_cindex
val,0.27633193135261536,0.6648793565683646,0.6637630652818234
test,0.1797029674053192,0.841025641025641,0.8350488166964813
