,coxloss,cindex,uno_cindex
val,0.26100796461105347,0.7446300715990454,0.7390435380737124
test,0.18620061874389648,0.3860759493670886,0.5113941725453444
