,coxloss,cindex,uno_cindex
val,0.18585102260112762,0.7922705314009661,0.8072571077551042
test,0.1920103132724762,0.7166123778501629,0.7148075620879643
