,coxloss,cindex,uno_cindex
val,0.20937898755073547,0.5122950819672131,0.5189615337077742
test,0.2791028320789337,0.6327077747989276,0.635910194396276
