,coxloss,cindex,uno_cindex
val,0.19121916592121124,0.7100977198697068,0.7050736214119755
test,1.1553493738174438,0.7178178963893249,0.6629061707559095
