,coxloss,cindex,uno_cindex
val,0.15972140431404114,0.7468354430379747,0.6134637260256849
test,0.20385313034057617,0.7222222222222222,0.7329164354204644
