,coxloss,cindex,uno_cindex
val,0.5184515714645386,0.7281323877068558,0.7320847003488535
test,0.2587642967700958,0.7303102625298329,0.7259994383842349
