,coxloss,cindex,uno_cindex
val,0.2571595311164856,0.7183770883054893,0.720665810021563
test,0.16386964917182922,0.7215189873417721,0.5781761617934008
