,coxloss,cindex,uno_cindex
val,0.20956175029277802,0.7681159420289855,0.8080080244396863
test,0.6336873173713684,0.5570032573289903,0.5421994834656084
