,coxloss,cindex,uno_cindex
val,0.2363804429769516,0.8064516129032258,0.7448059100241147
test,0.25468918681144714,0.49206349206349204,0.5399101353742148
