,coxloss,cindex,uno_cindex
val,0.23134349286556244,0.6286644951140065,0.63091751687994
test,2.750352144241333,0.7276295133437991,0.687975229178615
