,coxloss,cindex,uno_cindex
val,0.2130090892314911,0.8221153846153846,0.8374665756196665
test,1.0016889572143555,0.648936170212766,0.6247055372492156
