,coxloss,cindex,uno_cindex
val,0.46768707036972046,0.5764075067024129,0.5627954568800669
test,0.31902366876602173,0.6564102564102564,0.6821988760320808
