,coxloss,cindex,uno_cindex
val,0.656341016292572,0.6014319809069213,0.5902507532751895
test,0.37967321276664734,0.8037974683544303,0.7652925506531071
