,coxloss,cindex,uno_cindex
val,0.2667229473590851,0.5983606557377049,0.5968620948113618
test,0.540084958076477,0.5683646112600537,0.5858090456859415
