,coxloss,cindex,uno_cindex
val,0.8693116903305054,0.6607565011820331,0.6309486968114558
test,0.7639057040214539,0.630071599045346,0.6203102905925435
