,coxloss,cindex,uno_cindex
val,0.2728251516819,0.7974683544303798,0.7276677450985038
test,0.5360809564590454,0.503968253968254,0.48736809300859607
