,coxloss,cindex,uno_cindex
val,0.3062371611595154,0.7204724409448819,0.7130747440204965
test,0.7849023938179016,0.6761744966442953,0.6327823650148808
