,coxloss,cindex,uno_cindex
val,0.19495515525341034,0.6351791530944625,0.6186147861166048
test,1.387871503829956,0.5875196232339089,0.6000805323268915
