,coxloss,cindex,uno_cindex
val,0.21244774758815765,0.5655737704918032,0.5764119514567636
test,0.24997368454933167,0.7801608579088471,0.7705363290650248
