,coxloss,cindex,uno_cindex
val,0.243792325258255,0.7756563245823389,0.7711456012522669
test,0.17287273705005646,0.7531645569620253,0.6122975375327439
