,coxloss,cindex,uno_cindex
val,0.5073556303977966,0.6997635933806147,0.7365296301179417
test,0.2571396827697754,0.7398568019093079,0.7489535423499807
