,coxloss,cindex,uno_cindex
val,0.16338835656642914,0.7278481012658228,0.5838656963098221
test,0.25311213731765747,0.3492063492063492,0.3836190655405152
