,coxloss,cindex,uno_cindex
val,0.2411138415336609,0.6259842519685039,0.5995227236805858
test,0.4797760844230652,0.6610738255033557,0.6555197479383758
