,coxloss,cindex,uno_cindex
val,0.18028314411640167,0.8115942028985508,0.8213420152449398
test,0.17575404047966003,0.745928338762215,0.7451798354823282
