,coxloss,cindex,uno_cindex
val,0.1726796180009842,0.8894230769230769,0.8840556738306615
test,0.5301764607429504,0.7080378250591016,0.7304747106949584
