,coxloss,cindex,uno_cindex
val,0.19399993121623993,0.45161290322580644,0.45647580605334154
test,0.19452670216560364,0.6666666666666666,0.548653710826557
