,coxloss,cindex,uno_cindex
val,0.2398202121257782,0.7828418230563002,0.7877706042933051
test,0.17805196344852448,0.8358974358974359,0.8238290303940702
